contact,contactable_id,contactable_type,contact_type_id
0811455179,15,App\Models\TaskForce,2
081241415651,1,App\Models\TaskForce,2
081242024403,17,App\Models\TaskForce,2
081245056400,13,App\Models\TaskForce,2
081245118900,4,App\Models\TaskForce,2
081245515355,12,App\Models\TaskForce,2
081288035909,8,App\Models\TaskForce,2
081290207773,10,App\Models\TaskForce,2
081311444463,16,App\Models\TaskForce,2
081340806676,6,App\Models\TaskForce,2
081355555057,9,App\Models\TaskForce,2
082187875030,15,App\Models\TaskForce,2
082187875080,15,App\Models\TaskForce,2
082194666880,18,App\Models\TaskForce,2
082290513330,19,App\Models\TaskForce,2
082292105885,3,App\Models\TaskForce,2
082293744444,20,App\Models\TaskForce,2
082296024322,21,App\Models\TaskForce,2
082347836979,11,App\Models\TaskForce,2
082399464837,22,App\Models\TaskForce,2
083133164440,14,App\Models\TaskForce,2
085242534646,7,App\Models\TaskForce,2
085281691921,2,App\Models\TaskForce,2
085340427778,5,App\Models\TaskForce,2
085355556660,4,App\Models\TaskForce,2